{
  "@type": "TableGroup",
  "@context": { "http://www.w3.org/ns/csvw": { "@language": "en" } },
  "dc:title": "PMHC MDS headspace Extension Data Elements",
  "dc:publisher": {
    "schema:name": "Logicly Pty Ltd",
    "schema:url": { "@id": "http://www.logicly.com.au" }
  },
  "schema:specification": {
    "schema:name": "headspace",
    "schema:version": "4.0"
  },
  "dc:modified": { "@value": "2023-11-08", "@type": "xsd:date"},
  "tables": [{
    "dc:title": "Metadata",
    "url": "data/metadata.csv",
    "schema:name": "metadata",
    "schema:description": "table/metadata.rst",
    "tableSchema": "table/metadata-metadata.json"
  }, {
    "dc:title": "Provider Organisation",
    "url": "data/organisations.csv",
    "schema:name": "organisation",
    "schema:description": "table/organisations.rst",
    "tableSchema": "table/organisation-metadata.json"
  }, {
    "dc:title": "Practitioner",
    "url": "data/practitioners.csv",
    "schema:name": "practitioner",
    "schema:description": "table/practitioner.rst",
    "tableSchema": "table/practitioner-metadata.json"
  }, {
    "dc:title": "Client",
    "url": "data/clients.csv",
    "schema:name": "client",
    "schema:description": "table/client.rst",
    "tableSchema": "table/client-metadata.json"
  }, {
    "dc:title": "Intake",
    "url": "data/intakes.csv",
    "schema:name": "intake",
    "schema:description": "table/intake.rst",
    "tableSchema": "table/intake-metadata.json"
  }, {
    "dc:title": "Intake Episode",
    "url": "data/intake-episodes.csv",
    "schema:name": "intake-episode",
    "schema:description": "table/intake-episode.rst",
    "tableSchema": "table/intake-episode-metadata.json"
  }, {
    "dc:title": "Episode",
    "url": "data/episodes.csv",
    "schema:name": "episode",
    "schema:description": "table/episode.rst",
    "tableSchema": "table/episode-metadata.json"
  }, {
    "dc:title": "Service Contact",
    "url": "data/service-contacts.csv",
    "schema:name": "service-contact",
    "schema:description": "table/service-contact.rst",
    "tableSchema": "table/service-contact-metadata.json"
  }, {
    "dc:title": "Service Contact Practitioner",
    "url": "data/service-contact-practitioners.csv",
    "schema:name": "service-contact-practitioner",
    "schema:description": "table/service-contact-practitioner.rst",
    "tableSchema": "table/service-contact-practitioner-metadata.json"
  }, {
    "dc:title": "Collection Occasion",
    "url": "data/collection-occasions.csv",
    "schema:name": "collection-occasion",
    "schema:description": "table/collection-occasion.rst",
    "tableSchema": "table/collection-occasion-metadata.json"
  }, {
    "dc:title": "K10+ Measure",
    "url": "data/k10p.csv",
    "schema:name": "k10p-measure",
    "schema:description": "table/measure/k10p-measure.rst",
    "tableSchema": "table/measure/k10p-metadata.json"
  }, {
    "dc:title": "K5 Measure",
    "url": "data/k5.csv",
    "schema:name": "k5-measure",
    "schema:description": "table/measure/k5-measure.rst",
    "tableSchema": "table/measure/k5-metadata.json"
  }, {
    "dc:title": "SDQ Measure",
    "url": "data/sdq.csv",
    "schema:name": "sdq-measure",
    "schema:description": "table/measure/sdq-measure.rst",
    "tableSchema": "table/measure/sdq-metadata.json"
  }, {
    "dc:title": "IAR-DST Measure",
    "url": "data/iar-dst.csv",
    "schema:name": "iar-dst-measure",
    "schema:description": "table/measure/iar-dst-measure.rst",
    "tableSchema": "table/measure/iar-dst-metadata.json"
  }, {
    "url": "type/gender.csv",
    "tableSchema": "type/gender.json"
  }, {
    "url": "type/atsi-status.csv",
    "tableSchema": "type/atsi-status.json"
  }, {
    "url": "type/boolean-unknown.csv",
    "tableSchema": "type/boolean-unknown.json"
  }, {
    "url": "type/boolean.csv",
    "tableSchema": "type/boolean.json"
  }, {
    "url": "type/active.csv",
    "tableSchema": "type/active.json"
  }, {
    "url": "table/organisation/type.csv",
    "tableSchema": "table/organisation/type.json"
  }, {
    "url": "table/organisation/state.csv",
    "tableSchema": "table/organisation/state.json"
  }, {
    "url": "table/practitioner/category.csv",
    "tableSchema": "table/practitioner/category.json"
  }, {
    "url": "table/practitioner/atsi-cultural-training.csv",
    "tableSchema": "table/practitioner/atsi-cultural-training.json"
  }, {
    "url": "table/client/country-of-birth.csv",
    "tableSchema": "table/client/country-of-birth.json"
  }, {
    "url": "table/client/est-date-of-birth.csv",
    "tableSchema": "table/client/est-date-of-birth.json"
  }, {
    "url": "table/client/main-lang-at-home.csv",
    "tableSchema": "table/client/main-lang-at-home.json"
  }, {
    "url": "table/client/prof-english.csv",
    "tableSchema": "table/client/prof-english.json"
  }, {
    "url": "type/referrer-profession.csv",
    "tableSchema": "type/referrer-profession.json"
  }, {
    "url": "type/referrer-organisation-type.csv",
    "tableSchema": "type/referrer-organisation-type.json"
  }, {
    "url": "table/intake/organisation-type-referred-to-at-intake-conclusion.csv",
    "tableSchema": "table/intake/organisation-type-referred-to-at-intake-conclusion.json"
  }, {
    "url": "table/intake/intake-funding-source.csv",
    "tableSchema": "table/intake/intake-funding-source.json"
  }, {
    "url": "table/episode/completion-status.csv",
    "tableSchema": "table/episode/completion-status.json"
  }, {
    "url": "type/program-type.csv",
    "tableSchema": "type/program-type.json"
  }, {
    "url": "table/episode/principal-focus.csv",
    "tableSchema": "table/episode/principal-focus.json"
  }, {
    "url": "table/episode/labour-force-status.csv",
    "tableSchema": "table/episode/labour-force-status.json"
  }, {
    "url": "table/episode/mental-health-treatment-plan.csv",
    "tableSchema": "table/episode/mental-health-treatment-plan.json"
  }, {
    "url": "table/episode/client-consent.csv",
    "tableSchema": "table/episode/client-consent.json"
  }, {
    "url": "table/episode/employment-participation.csv",
    "tableSchema": "table/episode/employment-participation.json"
  }, {
    "url": "table/episode/income-source.csv",
    "tableSchema": "table/episode/income-source.json"
  }, {
    "url": "table/episode/health-care-card.csv",
    "tableSchema": "table/episode/health-care-card.json"
  }, {
    "url": "table/episode/homelessness.csv",
    "tableSchema": "table/episode/homelessness.json"
  }, {
    "url": "table/episode/ndis-participant.csv",
    "tableSchema": "table/episode/ndis-participant.json"
  }, {
    "url": "table/episode/principal-diagnosis.csv",
    "tableSchema": "table/episode/principal-diagnosis.json"
  }, {
    "url": "table/episode/additional-diagnosis.csv",
    "tableSchema": "table/episode/additional-diagnosis.json"
  }, {
    "url": "table/episode/marital-status.csv",
    "tableSchema": "table/episode/marital-status.json"
  }, {
    "url": "table/episode/organisation-type-referred-to-at-episode-conclusion.csv",
    "tableSchema": "table/episode/organisation-type-referred-to-at-episode-conclusion.json"
  }, {
    "url": "table/service-contact/type.csv",
    "tableSchema": "table/service-contact/type.json"
  }, {
    "url": "table/service-contact/modality.csv",
    "tableSchema": "table/service-contact/modality.json"
  }, {
    "url": "table/service-contact/participants.csv",
    "tableSchema": "table/service-contact/participants.json"
  }, {
    "url": "table/service-contact/venue.csv",
    "tableSchema": "table/service-contact/venue.json"
  }, {
    "url": "table/service-contact/duration.csv",
    "tableSchema": "table/service-contact/duration.json"
  }, {
    "url": "table/service-contact/final.csv",
    "tableSchema": "table/service-contact/final.json"
  }, {
    "url": "table/service-contact/interpreter.csv",
    "tableSchema": "table/service-contact/interpreter.json"
  }, {
    "url": "table/service-contact/funding-source.csv",
    "tableSchema": "table/service-contact/funding-source.json"
  }, {
    "url": "table/collection-occasion/reason.csv",
    "tableSchema": "table/collection-occasion/reason.json"
  }, {
    "url": "table/measure/k10p-k5.csv",
    "tableSchema": "table/measure/k10p-k5.json"
  }, {
    "url": "table/measure/sdq/sdq-1-25.csv",
    "tableSchema": "table/measure/sdq/sdq-1-25.json"
  }, {
    "url": "table/measure/sdq/sdq-26.csv",
    "tableSchema": "table/measure/sdq/sdq-26.json"
  }, {
    "url": "table/measure/sdq/sdq-27.csv",
    "tableSchema": "table/measure/sdq/sdq-27.json"
  }, {
    "url": "table/measure/sdq/sdq-28-33_35.csv",
    "tableSchema": "table/measure/sdq/sdq-28-33_35.json"
  }, {
    "url": "table/measure/sdq/sdq-34.csv",
    "tableSchema": "table/measure/sdq/sdq-34.json"
  }, {
    "url": "table/measure/sdq/sdq-36-42.csv",
    "tableSchema": "table/measure/sdq/sdq-36-42.json"
  }, {
    "url": "table/measure/sdq/sdq-version.csv",
    "tableSchema": "table/measure/sdq/sdq-version.json"
  }, {
    "url": "table/measure/iar-dst/iar-dst-version.csv",
    "tableSchema": "table/measure/iar-dst/iar-dst-version.json"
  }, {
    "url": "table/measure/iar-dst/domain-1.csv",
    "tableSchema": "table/measure/iar-dst/iar-dst.json"
  }, {
    "url": "table/measure/iar-dst/domain-2.csv",
    "tableSchema": "table/measure/iar-dst/iar-dst.json"
  }, {
    "url": "table/measure/iar-dst/domain-3.csv",
    "tableSchema": "table/measure/iar-dst/iar-dst.json"
  }, {
    "url": "table/measure/iar-dst/domain-4.csv",
    "tableSchema": "table/measure/iar-dst/iar-dst.json"
  }, {
    "url": "table/measure/iar-dst/domain-5.csv",
    "tableSchema": "table/measure/iar-dst/iar-dst.json"
  }, {
    "url": "table/measure/iar-dst/domain-6.csv",
    "tableSchema": "table/measure/iar-dst/iar-dst.json"
  }, {
    "url": "table/measure/iar-dst/domain-7.csv",
    "tableSchema": "table/measure/iar-dst/iar-dst.json"
  }, {
    "url": "table/measure/iar-dst/domain-8.csv",
    "tableSchema": "table/measure/iar-dst/iar-dst.json"
  }, {
    "url": "table/measure/iar-dst/recommended-level-of-care.csv",
    "tableSchema": "table/measure/iar-dst/iar-dst.json"
  }, {
    "url": "table/measure/iar-dst/practitioner-level-of-care.csv",
    "tableSchema": "table/measure/iar-dst/iar-dst.json"
  }]
}
