{
  "@id": "k5-metadata.json",
  "@context": { "http://www.w3.org/ns/csvw": { "@language": "en" } },
  "columns": [{
    "name": "organisation_path",
    "titles": [ "organisation_path" ],
    "dc:title": "Organisation Path",
    "schema:description": "A sequence of colon separated Organisation Keys that fully specifies the Provider Organisation that is responsible for the Episode of Care.",
    "schema:disambiguatingDescription": "type/organisation_path.rst",
    "schema:dateCreated": "2016-06-22",
    "schema:dateDeleted": "2016-06-22",
    "schema:dateModified": "2016-06-22",
    "datatype": {
      "base": "string"
    },
    "required": true
  },{
    "name": "collection_occasion_key",
    "titles": [ "collection_occasion_key" ],
    "dc:title": "Collection Occasion Key",
    "schema:description": "This is a number or code assigned to each collection occasion of outcome measures. The Collection Occasion Key is unique and stable for each collection occasion at the level of the organisation.",
    "schema:dateCreated": "2016-06-22",
    "schema:dateDeleted": "2016-06-22",
    "schema:dateModified": "2016-06-22",
    "datatype": {
      "base": "string",
      "minLength": 2,
      "maxLength": 50
    },
    "required": true
  },{
     "name": "episode_key",
    "titles": [ "episode_key" ],
    "dc:title": "Episode Key",
    "schema:dateCreated": "2016-06-22",
    "schema:dateDeleted": "2016-06-22",
    "schema:dateModified": "2016-06-22",
    "required": true
  },{
    "name": "measure_date",
    "titles": [ "measure_date" ],
    "dc:title": "Collection Occasion - Measure Date",
    "schema:description": "The date the measure was given.",
    "schema:disambiguatingDescription": "table/collection-occasion/date.rst",
    "schema:dateCreated": "2016-06-22",
    "schema:dateDeleted": "2016-06-22",
    "schema:dateModified": "2018-01-02",
    "datatype": {
      "base": "date",
      "format": "dMMyyyy",
      "minimum": "2016-01-01"
    },
    "schema:dateMissingUnknown": "9999-09-09",
    "required": true
  },{
    "name": "reason_for_collection",
    "titles": [ "reason_for_collection" ],
    "dc:title": "Collection Occasion - Reason",
    "schema:description": "The reason for the collection of the outcome measures on the identified Outcome Collection Occasion.",
    "schema:disambiguatingDescription": "table/collection-occasion/reason.rst",
    "schema:dateCreated": "2016-07-08",
    "schema:dateModified": "2016-07-08",
    "datatype": {
      "base": "string"
    },
    "required": true
  },{
    "name": "delivery_organisation_path",
    "titles": [ "delivery_organisation_path" ],
    "dc:title": "Delivery Organisation Path",
    "schema:description": "A sequence of colon separated Organisation Keys that fully specifies the Provider Organisation providing a service to the client.",
    "schema:disambiguatingDescription": "type/organisation_path.rst",
    "schema:dateCreated": "2019-07-17",
    "schema:dateDeleted": "2019-07-17",
    "schema:dateModified": "2019-07-17",
    "datatype": {
      "base": "string"
    },
    "required": true
  },{
    "name": "k5_item1",
    "titles": [ "k5_item1" ],
    "dc:title": "K5 - Question 1",
    "schema:description": "In the last 4 weeks, about how often did you feel nervous?",
    "schema:disambiguatingDescription": "table/collection-occasion/k5/Q1.rst",
    "schema:dateCreated": "2016-06-22",
    "schema:dateDeleted": "2016-06-22",
    "schema:dateModified": "2016-06-22",
    "datatype": {
      "base": "string"
    },
    "required": true
  },{
    "name": "k5_item2",
    "titles": [ "k5_item2" ],
    "dc:title": "K5 - Question 2",
    "schema:description": "In the last 4 weeks, about how often did you feel without hope?",
    "schema:disambiguatingDescription": "table/collection-occasion/k5/Q2.rst",
    "schema:dateCreated": "2016-06-22",
    "schema:dateDeleted": "2016-06-22",
    "schema:dateModified": "2016-06-22",
    "datatype": {
      "base": "string"
    },
    "required": true
  },{
    "name": "k5_item3",
    "titles": [ "k5_item3" ],
    "dc:title": "K5 - Question 3",
    "schema:description": "In the last 4 weeks, about how often did you feel restless or jumpy?",
    "schema:disambiguatingDescription": "table/collection-occasion/k5/Q3.rst",
    "schema:dateCreated": "2016-06-22",
    "schema:dateDeleted": "2016-06-22",
    "schema:dateModified": "2016-06-22",
    "datatype": {
      "base": "string"
    },
    "required": true
  },{
    "name": "k5_item4",
    "titles": [ "k5_item4" ],
    "dc:title": "K5 - Question 4",
    "schema:description": "In the last 4 weeks, about how often did you feel everything was an effort?",
    "schema:disambiguatingDescription": "table/collection-occasion/k5/Q4.rst",
    "schema:dateCreated": "2016-06-22",
    "schema:dateDeleted": "2016-06-22",
    "schema:dateModified": "2016-06-22",
    "datatype": {
      "base": "string"
    },
    "required": true
  },{
    "name": "k5_item5",
    "titles": [ "k5_item5" ],
    "dc:title": "K5 - Question 5",
    "schema:description": "In the last 4 weeks, about how often did you feel so sad that nothing could cheer you up?",
    "schema:disambiguatingDescription": "table/collection-occasion/k5/Q5.rst",
    "schema:dateCreated": "2016-06-22",
    "schema:dateDeleted": "2016-06-22",
    "schema:dateModified": "2016-06-22",
    "datatype": {
      "base": "string"
    },
    "required": true
  },{
    "name": "k5_score",
    "titles": [ "k5_score" ],
    "dc:title" : "K5 - Score",
    "schema:description": "The overall K5 score.",
    "schema:disambiguatingDescription": "table/collection-occasion/k5/score.rst",
    "schema:dateCreated": "2016-06-22",
    "schema:dateDeleted": "2016-06-22",
    "schema:dateModified": "2016-06-22",
    "null": "99",
    "datatype": {
      "base": "integer",
      "minimum": 5,
      "maximum": 25
      }
  },{
    "name": "k5_tags",
    "titles": [ "k5_tags" ],
    "dc:title" : "K5 - Tags",
    "schema:description": "List of tags for the collection occasion.",
    "schema:disambiguatingDescription": "type/tags.rst",
    "schema:dateCreated": "2016-06-22",
    "schema:dateDeleted": "2016-06-22",
    "schema:dateModified": "2016-06-22",
    "datatype": {
      "base": "string"
      }
  }],
  "primaryKey": [ "organisation_path", "collection_occasion_key" ],
  "foreignKeys": [{
    "columnReference": "reason_for_collection",
    "reference": {
      "resource": "table/collection-occasion/reason.csv",
      "columnReference": "id"
    }
  }, {
    "columnReference": [ "organisation_path", "episode_key" ],
    "reference": {
      "resource": "data/episodes.csv",
      "columnReference": [ "organisation_path", "episode_key" ]
    }
  }, {
    "columnReference": "k5_item1",
    "reference": {
      "resource": "table/collection-occasion/k10p-k5.csv",
      "columnReference": "id"
    }
  }, {
    "columnReference": "k5_item2",
    "reference": {
      "resource": "table/collection-occasion/k10p-k5.csv",
      "columnReference": "id"
    }
  }, {
    "columnReference": "k5_item3",
    "reference": {
      "resource": "table/collection-occasion/k10p-k5.csv",
      "columnReference": "id"
    }
  }, {
    "columnReference": "k5_item4",
    "reference": {
      "resource": "table/collection-occasion/k10p-k5.csv",
      "columnReference": "id"
    }
  }, {
    "columnReference": "k5_item5",
    "reference": {
      "resource": "table/collection-occasion/k10p-k5.csv",
      "columnReference": "id"
    }
  }]
}
