{
  "@id": "iar-dst-metadata.json",
  "@context": { "http://www.w3.org/ns/csvw": { "@language": "en" } },
  "columns": [{
    "name": "organisation_path",
    "titles": [ "organisation_path" ],
    "dc:title": "Organisation Path",
    "schema:description": "A sequence of colon separated Organisation Keys that fully specifies the Provider Organisation providing a service to the client.",
    "schema:disambiguatingDescription": "type/organisation-path.rst",
    "schema:dateCreated": "2021-08-23",
    "datatype": {
      "base": "string"
    },
    "required": true
  },{
     "name": "measure_key",
    "titles": [ "measure_key" ],
    "dc:title": "Measure Key",
    "schema:description": "This is a number or code assigned to each instance of a measure. The Measure Key is unique and stable for each instance of a measure at the level of the organisation.",
    "schema:disambiguatingDescription": "table/measure/key.rst",
    "schema:dateCreated": "2021-08-23",
    "datatype": {
      "base": "string",
      "minLength": 2,
      "maxLength": 50
    },
    "required": true
  },{
    "name": "intake_key",
    "titles": [ "intake_key" ],
    "dc:title": "Intake Key",
    "schema:description": "This is a number or code assigned to each intake. The Intake Key is unique and stable for each intake at the level of the organisation.",
    "schema:disambiguatingDescription": "table/intake/key.rst",
    "schema:dateCreated": "2021-08-23",
    "datatype": {
      "base": "string",
      "minLength": 2,
      "maxLength": 50
    },
    "required": true
  },{
    "name": "iar_dst_version",
    "titles": [ "iar_dst_version" ],
    "dc:title": "IAR-DST - Version",
    "schema:description": "The version of the IAR-DST collected.",
    "schema:dateCreated": "2022-01-14",
    "datatype": {
      "base": "string"
    },
    "required": true
  },{
    "name": "iar_dst_domain_1",
    "titles": [ "iar_dst_domain_1" ],
    "dc:title": "IAR-DST - Domain 1",
    "schema:description": "For details about values of this field, please **refer to the relevant IAR-DST specification** for the version of the IAR-DST that you are using:\n\n* `Version 1 <https://docs.iar-dst.online/en/v1/>`_ or,\n* `Version 2 <https://docs.iar-dst.online/en/v2/>`_",
    "schema:dateCreated": "2021-08-23",
    "datatype": {
      "base": "string"
    },
    "required": true
  },{
    "name": "iar_dst_domain_2",
    "titles": [ "iar_dst_domain_2" ],
    "dc:title": "IAR-DST - Domain 2",
    "schema:description": "For details about values of this field, please **refer to the relevant IAR-DST specification** for the version of the IAR-DST that you are using:\n\n* `Version 1 <https://docs.iar-dst.online/en/v1/>`_ or,\n* `Version 2 <https://docs.iar-dst.online/en/v2/>`_",
    "schema:dateCreated": "2021-08-23",
    "datatype": {
      "base": "string"
    },
    "required": true
  },{
    "name": "iar_dst_domain_3",
    "titles": [ "iar_dst_domain_3" ],
    "dc:title": "IAR-DST - Domain 3",
    "schema:description": "For details about values of this field, please **refer to the relevant IAR-DST specification** for the version of the IAR-DST that you are using:\n\n* `Version 1 <https://docs.iar-dst.online/en/v1/>`_ or,\n* `Version 2 <https://docs.iar-dst.online/en/v2/>`_",
    "schema:dateCreated": "2021-08-23",
    "datatype": {
      "base": "string"
    },
    "required": true
  },{
    "name": "iar_dst_domain_4",
    "titles": [ "iar_dst_domain_4" ],
    "dc:title": "IAR-DST - Domain 4",
    "schema:description": "For details about values of this field, please **refer to the relevant IAR-DST specification** for the version of the IAR-DST that you are using:\n\n* `Version 1 <https://docs.iar-dst.online/en/v1/>`_ or,\n* `Version 2 <https://docs.iar-dst.online/en/v2/>`_",
    "schema:dateCreated": "2021-08-23",
    "datatype": {
      "base": "string"
    },
    "required": true
  },{
    "name": "iar_dst_domain_5",
    "titles": [ "iar_dst_domain_5" ],
    "dc:title": "IAR-DST - Domain 5",
    "schema:description": "For details about values of this field, please **refer to the relevant IAR-DST specification** for the version of the IAR-DST that you are using:\n\n* `Version 1 <https://docs.iar-dst.online/en/v1/>`_ or,\n* `Version 2 <https://docs.iar-dst.online/en/v2/>`_",
    "schema:dateCreated": "2021-08-23",
    "datatype": {
      "base": "string"
    },
    "required": true
  },{
    "name": "iar_dst_domain_6",
    "titles": [ "iar_dst_domain_6" ],
    "dc:title": "IAR-DST - Domain 6",
    "schema:description": "For details about values of this field, please **refer to the relevant IAR-DST specification** for the version of the IAR-DST that you are using:\n\n* `Version 1 <https://docs.iar-dst.online/en/v1/>`_ or,\n* `Version 2 <https://docs.iar-dst.online/en/v2/>`_",
    "schema:dateCreated": "2021-08-23",
    "datatype": {
      "base": "string"
    },
    "required": true
  },{
    "name": "iar_dst_domain_7",
    "titles": [ "iar_dst_domain_7" ],
    "dc:title": "IAR-DST - Domain 7",
    "schema:description": "For details about values of this field, please **refer to the relevant IAR-DST specification** for the version of the IAR-DST that you are using:\n\n* `Version 1 <https://docs.iar-dst.online/en/v1/>`_ or,\n* `Version 2 <https://docs.iar-dst.online/en/v2/>`_",
    "schema:dateCreated": "2021-08-23",
    "datatype": {
      "base": "string"
    },
    "required": true
  },{
    "name": "iar_dst_domain_8",
    "titles": [ "iar_dst_domain_8" ],
    "dc:title": "IAR-DST - Domain 8",
    "schema:description": "For details about values of this field, please **refer to the relevant IAR-DST specification** for the version of the IAR-DST that you are using:\n\n* `Version 1 <https://docs.iar-dst.online/en/v1/>`_ or,\n* `Version 2 <https://docs.iar-dst.online/en/v2/>`_",
    "schema:dateCreated": "2021-08-23",
    "datatype": {
      "base": "string"
    },
    "required": true
  },{
    "name": "iar_dst_recommended_level_of_care",
    "titles": [ "iar_dst_recommended_level_of_care" ],
    "dc:title" : "IAR-DST - Recommended Level of Care",
    "schema:description": "The information gathered through the initial assessment is used to assign a recommended level of care and inform a referral decision. The levels of care are not intended to replace individualised assessment and care - rather to provide information to guide decision making.",
    "schema:disambiguatingDescription": "table/measure/iar-dst/recommended-level-of-care.rst",
    "schema:dateCreated": "2021-08-23",
    "datatype": {
      "base": "string"
    },
    "required": true
  },{
    "name": "iar_dst_practitioner_level_of_care",
    "titles": [ "iar_dst_practitioner_level_of_care" ],
    "dc:title" : "IAR-DST - Practitioner Level of Care",
    "schema:description": "The individualised level of care assessed by the practitioner for the referral",
    "schema:disambiguatingDescription": "table/measure/iar-dst/practitioner-level-of-care.rst",
    "schema:dateCreated": "2021-08-23",
    "datatype": {
      "base": "string"
    },
    "required": true
  },{
    "name": "iar_dst_tags",
    "titles": [ "iar_dst_tags" ],
    "dc:title" : "IAR-DST - Tags",
    "schema:description": "List of tags for the measure.",
    "schema:disambiguatingDescription": "type/tags.rst",
    "schema:dateCreated": "2021-08-23",
    "datatype": {
      "base": "string"
      }
  }],
  "primaryKey": [ "organisation_path", "measure_key" ],
  "foreignKeys": [{
    "columnReference": [ "organisation_path", "intake_key" ],
    "reference": {
      "resource": "data/intakes.csv",
      "columnReference": [ "organisation_path", "intake_key" ]
    }
  }, {
    "columnReference": "iar_dst_version",
    "reference": {
      "resource": "table/measure/iar-dst/iar-dst-version.csv",
      "columnReference": "id"
    }
  }, {
    "columnReference": "iar_dst_domain_1",
    "reference": {
      "resource": "table/measure/iar-dst/iar-dst-domain.csv",
      "columnReference": "id"
    }
  }, {
    "columnReference": "iar_dst_domain_2",
    "reference": {
      "resource": "table/measure/iar-dst/iar-dst-domain.csv",
      "columnReference": "id"
    }
  }, {
    "columnReference": "iar_dst_domain_3",
    "reference": {
      "resource": "table/measure/iar-dst/iar-dst-domain.csv",
      "columnReference": "id"
    }
  }, {
    "columnReference": "iar_dst_domain_4",
    "reference": {
      "resource": "table/measure/iar-dst/iar-dst-domain.csv",
      "columnReference": "id"
    }
  }, {
    "columnReference": "iar_dst_domain_5",
    "reference": {
      "resource": "table/measure/iar-dst/iar-dst-domain.csv",
      "columnReference": "id"
    }
  }, {
    "columnReference": "iar_dst_domain_6",
    "reference": {
      "resource": "table/measure/iar-dst/iar-dst-domain.csv",
      "columnReference": "id"
    }
  }, {
    "columnReference": "iar_dst_domain_7",
    "reference": {
      "resource": "table/measure/iar-dst/iar-dst-domain.csv",
      "columnReference": "id"
    }
  }, {
    "columnReference": "iar_dst_domain_8",
    "reference": {
      "resource": "table/measure/iar-dst/iar-dst-domain.csv",
      "columnReference": "id"
    }
  }, {
    "columnReference": "iar_dst_recommended_level_of_care",
    "reference": {
      "resource": "table/measure/iar-dst/recommended-level-of-care.csv",
      "columnReference": "id"
    }
  }, {
    "columnReference": "iar_dst_practitioner_level_of_care",
    "reference": {
      "resource": "table/measure/iar-dst/practitioner-level-of-care.csv",
      "columnReference": "id"
    }
  }]
}
