organisation_path,service_contact_practitioner_key,service_contact_key,delivery_organisation_path,practitioner_key,primary_practitioner_indicator
PHN999:NFP01,SCPK400,S400,PHN999:NFP01,P400,1
PHN999:NFP01,SCPK401,S401,PHN999:NFP01,P401,1
PHN999:NFP01,SCPK402,S402,PHN999:NFP01,P402,1
PHN999:NFP01,SCPK403,S403,PHN999:NFP01,P403,1
PHN999:NFP01,SCPK404,S404,PHN999:NFP01,P404,1
PHN999:NFP01,SCPK405,S405,PHN999:NFP01,P405,1
PHN999:NFP01,SCPK406,S406,PHN999:NFP02,P406,1
PHN999:NFP01,SCPK407,S407,PHN999:NFP01,P407,1
PHN999:NFP01,SCPK408,S408,PHN999:NFP02,P408,1
PHN999:NFP01,SCPK409,S409,PHN999:NFP02,P409,1
PHN999:NFP01,SCPK410,S400,PHN999:NFP01,P401,2
PHN999:NFP01,SCPK411,S409,PHN999:NFP02,P408,2