{
    "@id": "collection-occasion-metadata.json",
    "@context": { "http://www.w3.org/ns/csvw": { "@language": "en" } },
    "columns": [{
      "name": "organisation_path",
      "titles": [ "organisation_path" ],
      "dc:title": "Organisation Path",
      "schema:description": "A sequence of colon separated Organisation Keys that fully specifies the Provider Organisation providing a service to the client.",
      "schema:disambiguatingDescription": "type/organisation-path.rst",
      "schema:dateCreated": "2021-08-23",
      "datatype": {
        "base": "string"
      },
      "required": true
    },{
      "name": "collection_occasion_key",
      "titles": [ "collection_occasion_key" ],
      "dc:title": "Collection Occasion Key",
      "schema:description": "This is a number or code assigned to each collection occasion of service activities. The Collection Occasion Key is unique and stable for each collection occasion at the level of the organisation.",
      "schema:disambiguatingDescription": "table/collection-occasion/key.rst",
      "schema:dateCreated": "2021-08-23",
      "datatype": {
        "base": "string",
        "minLength": 2,
        "maxLength": 50
      },
      "required": true
    },{
       "name": "episode_key",
      "titles": [ "episode_key" ],
      "dc:title": "Episode Key",
      "schema:description": "This is a number or code assigned to each PMHC MDS episode. The Episode Key is unique and stable for each episode at the level of the organisation. This key must link to an existing episode within the PMHC MDS.",
      "schema:disambiguatingDescription": "table/episode/key.rst",
      "schema:dateCreated": "2021-08-23",
      "datatype": {
        "base": "string",
        "minLength": 2,
        "maxLength": 50
      },
      "required": true
    },{
      "name": "delivery_organisation_path",
      "titles": [ "delivery_organisation_path" ],
      "dc:title": "Delivery Organisation Path",
      "schema:description": "A sequence of colon separated Organisation Keys that fully specifies the Provider Organisation providing a service to the client.",
      "schema:disambiguatingDescription": "type/organisation-path.rst",
      "schema:dateCreated": "2019-07-17",
      "datatype": {
        "base": "string"
      },
      "required": true
    },{
      "name": "collection_occasion_date",
      "titles": [ "collection_occasion_date" ],
      "dc:title": "Collection Occasion Date",
      "schema:description": "The date of the collection occasion.",
      "schema:disambiguatingDescription": "type/collection-occasion-date.rst",
      "schema:dateCreated": "2021-08-23",
      "datatype": {
        "base": "date",
        "format": "dMMyyyy",
        "minimum": "2016-01-01"
      },
      "schema:dateMissingUnknown": "9999-09-09",
      "required": true
    },{
      "name": "reason_for_collection",
      "titles": [ "reason_for_collection" ],
      "dc:title": "Collection Occasion Reason",
      "schema:description": "The reason for the collection of the service activities on the identified Collection Occasion.",
      "schema:disambiguatingDescription": "table/collection-occasion/reason.rst",
      "schema:dateCreated": "2021-08-23",
      "datatype": {
        "base": "string"
      },
      "required": true
    },{
      "name": "collection_occasion_tags",
      "titles": [ "collection_occasion_tags" ],
      "dc:title" : "Collection Occasion Tags",
      "schema:description": "List of tags for the collection occasion.",
      "schema:disambiguatingDescription": "type/tags.rst",
      "schema:dateCreated": "2021-08-23",
      "datatype": {
        "base": "string"
        }
    }],
    "primaryKey": [ "organisation_path", "collection_occasion_key" ],
    "foreignKeys": [{
      "columnReference": "reason_for_collection",
      "reference": {
        "resource": "table/collection-occasion/reason.csv",
        "columnReference": "id"
      }
    }, {
      "columnReference": [ "organisation_path", "episode_key" ],
      "reference": {
        "resource": "data/episodes.csv",
        "columnReference": [ "organisation_path", "episode_key" ]
      }
    }]
  }
  